id,name,ingest_aliases,salesforce_account_id,billing_provider_type,billing_provider_customer_id,custom_fields,environment_type,created_at,updated_at,archived_at
c2e35176-2976-4a5a-8251-defe343bd1d1,PZDTNYQO LLC,"[""01M9ZRH3""]",,,,{},SANDBOX,2024-04-02 15:49:30,2024-04-02 15:49:30,
6e46bd95-c129-4ff4-8a8f-a2b8e20575bb,RKFCZA LLC,"[""CU4G9BIQ""]",,,,{},SANDBOX,2024-04-02 15:49:54,2024-04-02 15:49:54,
3e233dbd-0280-4def-aaa9-011a3a4ba745,HDCEOZSD Inc.,"[""X4UFS3DN""]",,,,{},SANDBOX,2024-04-02 15:49:20,2024-04-02 15:49:20,
dbfd6a0c-7621-4daf-9450-7dc10e534c7c,WFADG LLC,"[""KY7FX7NN""]",,,,{},SANDBOX,2024-04-02 15:49:22,2024-04-02 15:49:22,
a82c9499-4cf6-482d-ae24-946abb51cd0c,LFQRAK Corp.,"[""TPOAZ77I""]",,,,{},SANDBOX,2024-04-02 15:49:28,2024-04-02 15:49:28,
d2c703e8-924d-489d-b9e7-e12734ecdb6f,WWUZYRPNT LLC,"[""O2A59JK9""]",,,,{},SANDBOX,2024-04-02 15:49:23,2024-04-02 15:49:23,
f367a3c6-59a9-4eb6-a4b2-ba20b493011e,UUMSWBDBE Corp.,"[""8Z0GOX9B""]",,,,{},SANDBOX,2024-04-02 15:49:38,2024-04-02 15:49:38,
334ad07b-7bc1-4e3c-8337-a344837e344f,NSFYJ Corp.,"[""V198GY0R""]",,,,{},SANDBOX,2024-04-02 15:49:08,2024-04-02 15:49:08,
7c5a8bc2-823e-4b11-9f41-6d5e711c2485,B1 Company,"[""b1_company""]",,,,{},SANDBOX,2024-04-02 16:03:33,2024-04-02 16:03:33,
6e2856ae-5f8f-4d61-815b-fc0fbde62648,UTNAVKA Corp.,"[""SNEM3G6S""]",,,,{},SANDBOX,2024-04-02 15:49:01,2024-04-02 15:49:01,
8406da13-89a4-4187-bfbf-97e5cfce7e1a,BSLUNCUJV Inc.,"[""2OQ7MJSO""]",,,,{},SANDBOX,2024-04-02 15:49:45,2024-04-02 15:49:45,
743597b7-09ce-47cb-a58e-3125133bbeb0,SMHZ Ltd.,"[""AU5RVGYF""]",,,,{},SANDBOX,2024-04-02 15:50:02,2024-04-02 15:50:02,
40430943-1fa7-48f4-86ba-0c27ad2386a4,AJLUAY Corp.,"[""3UXXAJV8""]",,,,{},SANDBOX,2024-04-02 15:48:58,2024-04-02 15:48:58,
fa04d74f-010b-4b5a-b005-748684c2d2cd,JIVTJXZWU Ltd.,"[""24ADKO62""]",,,,{},SANDBOX,2024-04-02 15:49:57,2024-04-02 15:49:57,
1715df37-9b9b-4829-b381-e7febaefb102,BQYGSA Corp.,"[""L9RN960G""]",,,,{},SANDBOX,2024-04-02 15:48:53,2024-04-02 15:48:53,
5fb28f87-7884-4ce1-9b37-d3687f2d8cf2,TCEZCCLJ Co.,"[""1CU0WYC9""]",,,,{},SANDBOX,2024-04-02 15:50:07,2024-04-02 15:50:07,
004747b8-9124-4060-989a-8d1075af2424,DJLAPQ Ltd.,"[""ERTMPA4M""]",,,,{},SANDBOX,2024-04-02 15:49:18,2024-04-02 15:49:18,
d2ad44af-e5f8-4f6c-8c50-e8c95411b451,JILCIYMWQO Corp.,"[""FLBWAKPU""]",,,,{},SANDBOX,2024-04-02 15:49:42,2024-04-02 15:49:42,
c001a9e7-0608-498a-99e5-97e562b1d4d2,EVEYTUBPAU LLC,"[""RRMCD81W""]",,,,{},SANDBOX,2024-04-02 15:48:54,2024-04-02 15:48:54,
c59e8fb7-5b98-4d60-ab04-384fc6b3ae63,MCTPLJ Ltd.,"[""UU0TMIK8""]",,,,{},SANDBOX,2024-04-02 15:49:16,2024-04-02 15:49:16,
15b367c9-04b9-4064-9a58-b589928898fd,RTLKR LLC,"[""3DWGSEDM""]",,,,{},SANDBOX,2024-04-02 15:50:08,2024-04-02 15:50:08,
fc8ba3ae-2d8a-41fb-81a6-ca8d1cd556e3,OYZVSBFZB Ltd.,"[""GEJ17RD7""]",,,,{},SANDBOX,2024-04-02 15:49:11,2024-04-02 15:49:11,
0602ebf7-659e-470a-a536-9fbd413fb42b,OUWIIM Inc.,"[""5O9CTU3A""]",,,,{},SANDBOX,2024-04-02 15:50:05,2024-04-02 15:50:05,
ddd08099-6fd3-4929-843e-167cde350679,CAD LLC,"[""Q6QFZ6S6""]",,,,{},SANDBOX,2024-04-02 15:50:00,2024-04-02 15:50:00,
9ca4743f-5c9e-46e3-a2db-1d484405d5ad,A1 Company,"[""a1_company""]",,,,{},SANDBOX,2024-04-02 16:03:17,2024-04-02 16:03:17,
69e51ea4-2ca3-4bf1-b606-6a8b496d98d5,TTKPUBJEA Inc.,"[""X2UFRXH6""]",,,,{},SANDBOX,2024-04-02 15:49:36,2024-04-02 15:49:36,
b744587f-2bed-4021-b6e4-a391bf06c227,SMLF Corp.,"[""VGME3HX0""]",,,,{},SANDBOX,2024-04-02 15:49:48,2024-04-02 15:49:48,
d6e0e20c-55a9-44aa-89cd-8544600d2f73,USGTLYTFWC Co.,"[""FK3ADTOI""]",,,,{},SANDBOX,2024-04-02 15:48:51,2024-04-02 15:48:51,
f7e81f46-f099-4d4a-b35c-258985df6a55,ZAJGHIMYP Ltd.,"[""BC2UZLLI""]",,,,{},SANDBOX,2024-04-02 15:49:03,2024-04-02 15:49:03,
cb03e255-9e2f-4f6e-be86-d38af0347d91,SXLBM LLC,"[""0BKBM3BW""]",,,,{},SANDBOX,2024-04-02 15:49:15,2024-04-02 15:49:15,
72bdf92e-6545-4438-b037-a9accd83df42,LUAGEVIDE Inc.,"[""F2923GD5""]",,,,{},SANDBOX,2024-04-02 15:49:31,2024-04-02 15:49:31,
b66d1125-dbfe-43c3-b8b7-d17380ed3db2,EBX Inc.,"[""NQ7JXX87""]",,,,{},SANDBOX,2024-04-02 15:48:47,2024-04-02 15:48:47,
aaa84bd5-f852-4ed7-a0bf-af68f0195b9c,XBSPENF Co.,"[""TLSDO3FL""]",,,,{},SANDBOX,2024-04-02 15:49:25,2024-04-02 15:49:25,
2209a058-dbe1-4e8c-8325-fb8daa1cc987,NYMRRFC Corp.,"[""MTYYAJA3""]",,,,{},SANDBOX,2024-04-02 15:49:33,2024-04-02 15:49:33,
20ffd2e6-ff2e-4347-8045-9e744ef8a986,HWU LLC,"[""OOHAOMTT""]",,,,{},SANDBOX,2024-04-02 15:49:58,2024-04-02 15:49:58,
6f723b7f-c288-4581-8744-c4f6e3618db8,EWLGCNLZYO LLC,"[""6VHQ8EM0""]",,,,{},SANDBOX,2024-04-02 15:49:10,2024-04-02 15:49:10,
70b5f746-575e-463c-8710-b7cbd44ee29e,WSFQO LLC,"[""ACM3Q3BN""]",,,,{},SANDBOX,2024-04-02 15:49:27,2024-04-02 15:49:27,
5b9a90c0-75cc-4771-958e-9974a3324dc3,IITGBOGYI Corp.,"[""SDOYRUW1""]",,,,{},SANDBOX,2024-04-02 15:49:13,2024-04-02 15:49:13,
f8a084c6-b432-4bcf-8a78-c2e4373b8fa0,GDPMJNOUF Corp.,"[""L0U82PKR""]",,,,{},SANDBOX,2024-04-02 15:48:45,2024-04-02 15:48:45,
2294f7f7-19a6-44a2-b9f9-4b6b79134d12,YCXZKJHDGH LLC,"[""QFP5F6QS""]",,,,{},SANDBOX,2024-04-02 15:50:10,2024-04-02 15:50:10,
2ae68df2-533e-44bf-9b4d-ac766c7ac3da,JEAVPMO Co.,"[""8J8VZ78P""]",,,,{},SANDBOX,2024-04-02 15:49:00,2024-04-02 15:49:00,
5f770337-056f-4430-813d-f6ace4ff876c,UBHRWJKDA LLC,"[""X6N0OP6Q""]",,,,{},SANDBOX,2024-04-02 15:49:55,2024-04-02 15:49:55,
ab3a00d6-299d-4a9d-9c27-dfdf0a3e6207,BEQRRRJ Co.,"[""Y79ABSFU""]",,,,{},SANDBOX,2024-04-02 15:48:49,2024-04-02 15:48:49,
c185f11c-d07b-429a-990f-625cbd34bd33,BOUCWKOV LLC,"[""GSQGVQYX""]",,,,{},SANDBOX,2024-04-02 15:49:52,2024-04-02 15:49:52,
841b795b-8d8f-46cb-8afc-dcd02017ae07,BPLS LLC,"[""UH0EPDMP""]",,,,{},SANDBOX,2024-04-02 15:49:47,2024-04-02 15:49:47,
37154c55-bd42-4b7e-a453-51dd005b35b7,MWOX LLC,"[""D5WAPI0G""]",,,,{},SANDBOX,2024-04-02 15:50:03,2024-04-02 15:50:03,
6c2e6096-2adc-4ced-b660-2211bc59b449,GFRSUWSM LLC,"[""IF4AL4RN""]",,,,{},SANDBOX,2024-04-02 15:49:35,2024-04-02 15:49:35,
2ac3705a-51a6-4149-8f6a-0113941e94e7,FZR Ltd.,"[""848LH7WS""]",,,,{},SANDBOX,2024-04-02 15:49:40,2024-04-02 15:49:40,
90277e63-6b05-4309-9c9b-3d2be627b868,SCLXHPBFWA Corp.,"[""OMTMNZX3""]",,,,{},SANDBOX,2024-04-02 15:49:43,2024-04-02 15:49:43,
d73b37f6-916a-4784-b820-3a92d66a07dc,NOO Co.,"[""M0VWZTWP""]",,,,{},SANDBOX,2024-04-02 15:49:50,2024-04-02 15:49:50,
ceb0de3a-addf-42bc-9d9d-3cbfd5aced1f,DQKCCQ LLC,"[""NLQZTO6A""]",,,,{},SANDBOX,2024-04-02 15:49:05,2024-04-02 15:49:05,
f8ed8d1d-6901-46cc-8f62-961d45d634b9,VJRWHOGMKN Inc.,"[""37SP3F6P""]",,,,{},SANDBOX,2024-04-02 15:49:06,2024-04-02 15:49:06,